{
  "$kind": "BotConfiguration",
  "channels": [
    {
      "$kind": "ChannelDefinition",
      "channelId": "MsTeams"
    },
    {
      "$kind": "ChannelDefinition",
      "channelId": "Microsoft365Copilot"
    }
  ],
  "settings": {
    "GenerativeActionsEnabled": true
  },
  "isAgentConnectable": true,
  "publishOnImport": true,
  "gPTSettings": {
    "$kind": "GPTSettings",
    "defaultSchemaName": "crc24_petPhotoHypeBuddy.gpt.default"
  },
  "isLightweightBot": false,
  "aISettings": {
    "$kind": "AISettings",
    "useModelKnowledge": true,
    "isFileAnalysisEnabled": true,
    "isSemanticSearchEnabled": true,
    "contentModeration": "Low",
    "optInUseLatestModels": false
  },
  "recognizer": {
    "$kind": "GenerativeAIRecognizer"
  }
}